id,umsatz
1808011.0,131.0183431909711
1808012.0,489.0002508066322
1808013.0,192.1592560011058
1808015.0,302.626019467439
1808014.0,76.4236943829996
1808022.0,506.47158924088956
1808023.0,191.77985996430186
1808024.0,65.83178289167603
1808025.0,299.18510871008084
1808021.0,124.95392998453433
1808034.0,59.229653232759404
1808035.0,296.9325568171844
1808033.0,191.38946650968072
1808032.0,516.9388590212438
1808031.0,121.10563948859011
1808044.0,69.46202815476505
1808045.0,299.7190443770199
1808043.0,190.98819131924836
1808041.0,126.62381516550741
1808042.0,647.1281103641976
1808054.0,85.21103263263677
1808053.0,190.57615329950394
1808055.0,304.15177449753395
1808052.0,618.4677451144746
1808051.0,135.2081702956459
1808064.0,77.207930036808
1808061.0,130.56568498344444
1808062.0,482.11772230551384
1808063.0,190.15347454620525
1808065.0,301.4566312093908
1808075.0,288.93969770592105
1808072.0,552.1410310517786
1808071.0,107.6938381607253
1808074.0,36.46613523309193
1808073.0,189.72028030818896
1808082.0,518.4146411750747
1808081.0,117.8500076527969
1808084.0,55.06385421598384
1808083.0,189.27669895025699
1808085.0,294.20433011290703
1808094.0,69.66558120144626
1808092.0,491.64477290942295
1808095.0,298.2638601400493
1808091.0,125.77717531105509
1808093.0,188.82286191513893
1808103.0,188.35890368454287
1808104.0,99.73388566992953
1808102.0,437.8126394560662
1808105.0,306.9528840636875
1808101.0,142.30966016492832
1808112.0,573.0820133760678
1808114.0,106.9456512317019
1808111.0,146.11413320302296
1808113.0,187.8849617393056
1808115.0,308.782968660723
1808121.0,138.89037917301283
1808124.0,94.35424459589814
1808122.0,593.7614700540971
1808125.0,304.66955258580606
1808123.0,187.40117651865398
1808132.0,470.1306000927911
1808131.0,130.1038019762163
1808133.0,186.90769137858985
1808134.0,78.96312093197284
1808135.0,299.71004339462417
1808143.0,186.40465254941046
1808144.0,78.93385859295162
1808141.0,129.86450105696832
1808145.0,299.34903359887255
1808142.0,468.7994344067068
1808152.0,469.66720237784864
1808153.0,185.8922090923774
1808154.0,77.63178765232166
1808155.0,298.59987508612653
1808151.0,128.9124944167162
1808164.0,64.10755885226206
1808165.0,294.1802709318889
1808163.0,185.3705128555464
1808161.0,121.15265776287846
1808162.0,491.87298765829667
1808171.0,133.57432513495783
1808174.0,86.84445427547527
1808173.0,184.8397184287716
1808172.0,450.6719631479698
1808175.0,300.62468014678916
1808181.0,127.87704845431328
1808182.0,615.5040823404873
1808183.0,184.29998309789704
1808184.0,77.03975647039732
1808185.0,297.3074881622159
1808193.0,183.75146679814978
1808192.0,612.2871572796021
1808191.0,128.17835430878952
1808194.0,78.01785330560406
1808195.0,297.21662097018043
1808204.0,84.98850058449193
1808202.0,449.39463316679223
1808201.0,131.81172192407524
1808203.0,183.1943320667474
1808205.0,298.91616976990815
1808212.0,450.2092565229544
1808215.0,298.11386664218253
1808211.0,130.8065706688435
1808214.0,83.63328502888236
1808213.0,182.62874399473472
1808221.0,114.17398855857068
1808222.0,500.0591068822712
1808223.0,182.05487017806388
1808224.0,54.21168714480555
1808225.0,288.89200279013176
1808234.0,70.73829311260602
1808232.0,469.572536428351
1808235.0,293.43883948711385
1808231.0,123.11586801818449
1808233.0,181.47288066793197
1808243.0,180.88294792039125
1808241.0,135.36118022063954
1808242.0,428.6804299781048
1808245.0,299.7609863663914
1808244.0,93.20548288609416
1808255.0,304.4657024392169
1808254.0,110.29543734351955
1808251.0,144.60969434960117
1808253.0,180.28524674524652
1808252.0,546.3433665779842
1808263.0,179.6799542542555
1808261.0,134.42192446443522
1808264.0,92.47626571011656
1808265.0,298.70002173368346
1808262.0,575.8266832212048
1808274.0,93.75866722514007
1808271.0,134.86417165855192
1808272.0,422.72409758183557
1808275.0,298.6554334217856
1808273.0,179.06724980864652
1808281.0,129.3797375882515
1808284.0,84.40018823065816
1808285.0,295.41585196255244
1808282.0,437.37850254429407
1808283.0,178.44731496597007
1808293.0,177.82033342629927
1808292.0,466.84013013883487
1808295.0,289.62848220833916
1808291.0,119.17027865440575
1808294.0,66.55932754857537
1808301.0,135.50357507815696
1808302.0,412.9301265627824
1808303.0,177.18649097779578
1808305.0,298.1318409103558
1808304.0,96.40510596691146
1808311.0,127.21466015400645
1808313.0,176.54597544165648
1808315.0,293.3724834048111
1808312.0,436.30528987688535
1808314.0,82.02507221618643
1809014.0,83.95752317073799
1809013.0,175.8989766164582
1809011.0,128.00356772732374
1809015.0,293.49875376160844
1809012.0,580.3269741524566
1809025.0,291.7881361182152
1809024.0,79.77723001612995
1809021.0,125.38689511440339
1809023.0,175.24568622191623
1809022.0,585.8386281370956
1809033.0,174.58629784207363
1809034.0,70.4319393167217
1809035.0,288.52488212553016
1809032.0,451.1841917010356
1809031.0,119.89231171915144
1809043.0,173.9210068679381
1809044.0,71.81967979993803
1809045.0,288.4750502962483
1809042.0,446.93035101364546
1809041.0,120.36988502138539
1809054.0,72.14887818413945
1809052.0,444.5110867762694
1809053.0,173.2500104395835
1809051.0,120.25566862510819
1809055.0,288.10389293846345
1809061.0,117.26413280830386
1809062.0,451.10369724613946
1809064.0,67.31367038534512
1809063.0,172.57350738773272
1809065.0,286.1806905931911
1809073.0,171.89169817484023
1809074.0,82.6349781733494
1809072.0,422.4496030889035
1809071.0,125.49080410865045
1809075.0,290.29630650941453
1809085.0,289.6093931702647
1809083.0,171.20478483569042
1809081.0,124.80389076950063
1809084.0,81.94806483419957
1809082.0,570.9400635158943
1809094.0,81.2562509160397
1809093.0,170.51297091753054
1809095.0,288.9175792521048
1809092.0,570.2482495977345
1809091.0,124.11207685134076
1809102.0,433.34835375866186
1809103.0,169.81646141975506
1809105.0,285.99594823062756
1809104.0,73.13724307245357
1809101.0,119.28367343130635
1809112.0,412.86432460156084
1809111.0,124.88308037085092
1809113.0,169.11546273316014
1809114.0,83.7542383174139
1809115.0,288.687865342585
1809125.0,290.8231658567656
1809121.0,129.4525584151045
1809123.0,168.41018257878534
1809122.0,395.5965073090879
1809124.0,92.52448796620166
1809135.0,286.27902932179205
1809131.0,121.62228221453248
1809134.0,79.02317009950852
1809133.0,167.70082994636164
1809132.0,417.2465798130967
1809142.0,414.87711118530825
1809143.0,166.98761503238302
1809145.0,285.84987247466904
1809144.0,79.25750816584616
1809141.0,121.43654312041672
1809153.0,166.27074917782107
1809155.0,285.13300662010704
1809152.0,563.3376190968869
1809154.0,78.54064231128422
1809151.0,120.71967726585476
1809163.0,165.55044480549964
1809162.0,562.6173147245654
1809164.0,77.82033793896275
1809165.0,284.4127022477856
1809161.0,119.99937289353329
1809171.0,119.27584344518338
1809175.0,283.6891727994357
1809172.0,412.7164115100749
1809173.0,164.8269153571497
1809174.0,77.09680849061283
1809184.0,76.37026836362497
1809181.0,118.54930331819551
1809182.0,411.98987138308706
1809185.0,282.9626326724478
1809183.0,164.10037523016183
1809195.0,282.2332971563417
1809193.0,163.3710397140557
1809194.0,75.64093284751883
1809191.0,117.81996780208938
1809192.0,411.26053586698094
1809205.0,281.50138236897106
1809202.0,410.5286210796103
1809204.0,74.90901806014821
1809201.0,117.08805301471875
1809203.0,162.63912492668507
1809212.0,393.9284786049463
1809215.0,283.4882022007574
1809214.0,83.25170042387612
1809211.0,121.40666129666644
1809213.0,161.90484775019752
1809225.0,285.19107142359576
1809224.0,90.65219804264242
1809221.0,125.19983124897593
1809223.0,161.1684257667673
1809222.0,528.1466865516215
1809231.0,127.68494601993642
1809235.0,286.1886332595116
1809232.0,517.2867875056936
1809234.0,95.70445101637378
1809233.0,160.43007719412157
1809243.0,159.69002082087707
1809241.0,127.79471180091541
1809242.0,364.7009486051704
1809244.0,96.49100777808329
1809245.0,285.90622599397886
1809255.0,283.30252267653566
1809252.0,374.8170669609779
1809251.0,123.59526988042437
1809254.0,89.53772669461985
1809253.0,158.9484759417091
1809263.0,158.20566229236908
1809264.0,82.58317684098438
1809261.0,119.39455918976128
1809262.0,384.93191654661337
1809265.0,280.6975505889204
1809274.0,67.67866166068382
1809271.0,110.7678637962368
1809275.0,275.7085982820049
1809272.0,408.9398458507524
1809273.0,157.4617999845726
1809285.0,280.9449081458883
1809282.0,373.3218132217374
1809283.0,156.71710944077535
1809284.0,86.88522553576774
1809281.0,121.12946968177377
1809295.0,279.89977096340033
1809292.0,523.5021566849812
1809293.0,155.9718113288571
1809294.0,85.13973261129344
1809291.0,119.82739153777808
1809302.0,529.1054444224617
1809301.0,117.05971606284676
1809303.0,155.22612649673331
1809304.0,80.76176135462401
1809305.0,278.06519687499696
1810012.0,358.57106273908977
1810013.0,154.480275906913
1810014.0,91.80768118651712
1810011.0,122.87800900909734
1810015.0,280.8542911171568
1810022.0,349.2679565485154
1810021.0,124.85750540916496
1810024.0,95.95757624892738
1810023.0,153.7344805710226
1810025.0,281.5761291266867
1810034.0,85.57860186233867
1810031.0,118.74931548718597
1810035.0,277.94268636028187
1810032.0,365.3610168855417
1810033.0,152.98896148431584
1810041.0,113.37422803315057
1810044.0,76.51617044432328
1810042.0,379.1542220048551
1810043.0,152.24393956018758
1810045.0,274.70426584931045
1810052.0,406.7502593345706
1810055.0,269.09941270986315
1810053.0,151.49963556471292
1810051.0,103.60422667557843
1810054.0,59.558182118992704
1810064.0,74.71264994192609
1810062.0,527.3960108333072
1810063.0,150.75627005122914
1810065.0,273.12191031806685
1810061.0,111.71073325090452
1810074.0,86.34127376202903
1810073.0,150.01406329498096
1810072.0,505.03049170231986
1810071.0,117.85501636508786
1810075.0,276.08823943465495
1810081.0,113.21672807341325
1810084.0,78.5990820070042
1810082.0,367.350164532197
1810083.0,149.27323522784843
1810085.0,273.24853787353425
1810094.0,69.17394983276628
1810091.0,107.64230320333165
1810095.0,269.9054424060195
1810093.0,148.53400537317623
1810092.0,381.7932603874481
1810104.0,60.11912774642704
1810105.0,266.6746312267243
1810101.0,102.27482508097239
1810103.0,147.7965927807241
1810102.0,395.5940748384377
1810112.0,413.506885528658
1810111.0,95.60046203462589
1810115.0,262.74097140917434
1810113.0,147.06121596175802
1810114.0,48.71500766397861
1810121.0,90.6963719105105
1810122.0,425.87043773003495
1810125.0,259.7616849889022
1810123.0,146.32809282429997
1810124.0,40.489195667274686
1810132.0,574.3171592804334
1810133.0,145.59744060855786
1810135.0,259.03103277316006
1810131.0,89.96571969476834
1810134.0,39.758543451532546
1810144.0,39.030578665526576
1810142.0,573.5891944944275
1810141.0,89.2377549087624
1810143.0,144.86947582255186
1810145.0,258.30306798715407
1810151.0,89.9779038748995
1810153.0,144.14441417795888
1810154.0,40.93760863292317
1810155.0,258.36705652827095
1810152.0,419.08605432311106
1810162.0,405.66616553213595
1810163.0,143.42247052619234
1810164.0,47.480237830247944
1810165.0,259.8228913890636
1810161.0,93.29994150874809
1810174.0,39.286485920742166
1810175.0,256.8633771301923
1810171.0,88.42013164281924
1810173.0,142.70385879473702
1810172.0,418.0135553207358
1810184.0,72.34993087786063
1810183.0,141.98879192375796
1810185.0,266.27445515080984
1810182.0,358.2561057815255
1810181.0,106.50860250576791
1810191.0,110.23199493726308
1810195.0,267.9513360838148
1810193.0,141.2774818030013
1810192.0,343.6200008261566
1810194.0,79.60508189516145
1810205.0,267.2439934898208
1810202.0,492.09003199830323
1810201.0,109.52465234326904
1810203.0,140.57013920900727
1810204.0,78.89773930116743
1810212.0,491.386866531948
1810215.0,266.54082802346556
1810214.0,78.19457383481222
1810211.0,108.82148687691384
1810213.0,139.86697374265208
1810221.0,107.71244793029639
1810224.0,76.75880820784212
1810225.0,265.6211139958538
1810222.0,342.79891012315755
1810223.0,139.16819376703904
1810233.0,138.4740063457558
1810231.0,105.0841825028494
1810235.0,263.88538032943353
1810232.0,348.1776529858436
1810234.0,72.59025985873262
1810244.0,78.50366411943918
1810243.0,137.7846171815171
1810241.0,108.07038082295965
1810245.0,265.1753809989015
1810242.0,335.9470609983764
1810253.0,137.1002305552105
1810251.0,105.58587629403864
1810254.0,74.585561331534
1810252.0,340.91497510175236
1810255.0,263.52158877659684
1810265.0,263.8523917244587
1810263.0,136.4210492653637
1810261.0,106.7821645859264
1810262.0,334.34689171835953
1810264.0,77.27545730503388
1810272.0,449.81743060620255
1810273.0,135.74727456805073
1810274.0,95.50010038180625
1810271.0,116.62860207365564
1810275.0,268.84399736054246
1810283.0,135.07910611725578
1810284.0,95.88476857580714
1810281.0,116.54651786715273
1810285.0,268.4914489840314
1810282.0,447.3089802511745
1810294.0,87.74726418621184
1810292.0,310.5352437935442
1810291.0,111.72295552113438
1810295.0,265.58818224507064
1810293.0,134.41674190571095
1810303.0,133.7603782062272
1810301.0,103.38888822142485
1810305.0,260.7971955724673
1810304.0,73.29874043990259
1810302.0,333.98657303951444
1811016.0,132.46642848664715
1811015.0,258.13029852975205
1811011.0,99.5454720391744
1811012.0,340.69784960334846
1811014.0,67.42495131546065
1811013.0,132.46642848664715
1811023.0,131.8292258917785
1811025.0,258.81870024687595
1811026.0,131.8292258917785
1811021.0,101.36982327033236
1811024.0,71.20966262873452
1811022.0,332.33146301070076
1811033.0,131.19879054580906
1811036.0,131.19879054580906
1811032.0,466.3401743874302
1811035.0,260.68166348774963
1811034.0,78.8966367766522
1811031.0,105.36945345427004
1811043.0,130.57530926033763
1811042.0,462.2201574839158
1811045.0,260.65786034341767
1811044.0,80.27354511629287
1811046.0,130.57530926033763
1811041.0,105.85953223295348
1811051.0,100.11495262138547
1811056.0,129.958966786325
1811054.0,70.44488200031662
1811053.0,129.958966786325
1811055.0,257.2798422194206
1811052.0,328.5289079058024
1811065.0,259.03797174957305
1811062.0,314.1177725970769
1811066.0,129.34994575934792
1811061.0,103.90156342659874
1811064.0,77.73213580930837
1811063.0,129.34994575934792
1811071.0,97.32198502095245
1811076.0,128.7484266454805
1811075.0,255.21712787800945
1811073.0,128.7484266454805
1811072.0,332.28712890638735
1811074.0,66.39168291852337
1811081.0,95.46806493806203
1811083.0,128.15458768781798
1811085.0,253.94470576063645
1811082.0,335.6498960428261
1811086.0,128.15458768781798
1811084.0,63.53424517454977
1811095.0,256.29398961731874
1811094.0,72.73964313699275
1811096.0,127.56860485365964
1811093.0,127.56860485365964
1811091.0,100.33266557581972
1811092.0,317.94929149929965
1811106.0,126.99065178236573
1811105.0,253.03326591461138
1811102.0,482.19110838012796
1811104.0,63.21257858493422
1811101.0,94.77299642804343
1811103.0,126.99065178236573
1811114.0,59.22110744088661
1811116.0,126.42089973390459
1811115.0,251.43774862472742
1811113.0,126.42089973390459
1811112.0,487.60227252042444
1811111.0,92.29847058563313
1811123.0,125.8595175381044
1811122.0,325.3495996096984
1811124.0,65.81901442969811
1811126.0,125.8595175381044
1811121.0,95.72246125101886
1811125.0,253.02258293405802
1811135.0,252.7380140037204
1811136.0,125.30667154462542
1811134.0,66.1610795842956
1811132.0,323.23251399762125
1811131.0,95.66778686518812
1811133.0,125.30667154462542
1811143.0,124.76252557366688
1811145.0,254.5767995936056
1811146.0,124.76252557366688
1811141.0,99.54857693863451
1811142.0,308.7942396497026
1811144.0,73.56585028154564
1811155.0,251.62702131909023
1811153.0,124.22724086742365
1811152.0,322.33711151084276
1811156.0,124.22724086742365
1811151.0,94.52974776355714
1811154.0,64.97636524261424
1811166.0,123.70097604230652
1811162.0,306.44449278537905
1811161.0,98.8972863782786
1811165.0,253.736184114244
1811164.0,73.2412864015424
1811163.0,123.70097604230652
1811173.0,123.18388704194096
1811174.0,84.88446064856878
1811176.0,123.18388704194096
1811172.0,433.8495215572615
1811171.0,105.14947039948613
1811175.0,256.86450697185796
1811186.0,122.67612709095742
1811182.0,443.4633120795602
1811183.0,122.67612709095742
1811185.0,254.62083661231276
1811184.0,78.58609915120812
1811181.0,101.41824710489635
1811192.0,286.61055844554073
1811193.0,122.17784664958778
1811191.0,103.20569521626568
1811195.0,255.3534744606505
1811194.0,82.19388162454224
1811196.0,122.17784664958778
1811205.0,256.1904254921358
1811203.0,121.68919336908054
1811206.0,121.68919336908054
1811204.0,86.12714225217753
1811202.0,278.3927211672543
1811201.0,105.17859576178505
1811213.0,121.21031204794875
1811216.0,121.21031204794875
1811214.0,92.70226645117786
1811211.0,108.62647887740995
1811215.0,257.8261986687064
1811212.0,265.5839510877606
1811223.0,120.74134458906296
1811224.0,98.7082443577865
1811225.0,259.29829466666683
1811226.0,120.74134458906296
1811221.0,111.76192952092025
1811222.0,253.7972499178411
1811232.0,256.0987581427302
1811234.0,96.67007475913216
1811236.0,120.28242995760239
1811233.0,120.28242995760239
1811235.0,258.36594992378036
1811231.0,110.4238885230216
1811242.0,413.2006887554057
1811245.0,256.48115276806254
1811241.0,107.30847939376694
1811244.0,91.43094220758523
1811243.0,119.83370413987653
1811246.0,119.83370413987653
1811255.0,253.34419709608778
1811253.0,119.39530010302946
1811251.0,101.85905506822287
1811254.0,81.99078485773373
1811256.0,119.39530010302946
1811252.0,428.4966949997518
1811266.0,118.96734775563884
1811264.0,82.45774365841957
1811261.0,101.9292743284805
1811263.0,118.96734775563884
1811265.0,253.18452181183852
1811262.0,277.32712926762247
1811276.0,118.54997390922115
1811275.0,256.28631179368676
1811274.0,93.77949840147551
1811273.0,118.54997390922115
1811271.0,108.0467398059191
1811272.0,256.3906121890054
1811283.0,118.14330224065473
1811281.0,109.1931913847266
1811285.0,256.7160333219728
1811284.0,96.16284384161806
1811286.0,118.14330224065473
1811282.0,251.10719347422122
1811292.0,263.96137419957677
1811295.0,254.04771980200547
1811293.0,117.74745325553177
1811294.0,88.18657101396505
1811291.0,104.57753584070092
1811296.0,117.74745325553177
1811305.0,247.93430645066977
1811303.0,117.36254425244958
1811304.0,68.69267690783838
1811301.0,93.55519780371812
1811302.0,296.9775817583258
1811306.0,117.36254425244958
1812013.0,116.98868928825286
1812016.0,116.98868928825286
1812011.0,94.76377029910992
1812012.0,440.8123394188402
1812014.0,71.16148088459042
1812015.0,248.41262568703968
1812021.0,92.08604739013937
1812023.0,116.62599914423588
1812024.0,66.64008599362987
1812026.0,116.62599914423588
1812025.0,246.80323624960113
1812022.0,447.7187627965441
1812033.0,116.27458129331588
1812036.0,116.27458129331588
1812034.0,55.023316043394374
1812031.0,85.4635281252945
1812032.0,317.88098755477796
1812035.0,243.07468360384297
1812041.0,97.74104355147173
1812046.0,115.93453986818623
1812044.0,77.34934412999041
1812043.0,115.93453986818623
1812045.0,249.5294916725805
1812042.0,277.92230465406834
1812052.0,265.04038990691294
1812056.0,115.60597563045998
1812051.0,101.41041078811806
1812055.0,251.3539070469368
1812053.0,115.60597563045998
1812054.0,84.20262926050054
1812065.0,247.26525746959538
1812066.0,115.28898594081168
1812064.0,71.30424166554195
1812062.0,286.7147689728505
1812061.0,94.08971437917982
1812063.0,115.28898594081168
1812076.0,114.98366473012764
1812071.0,84.17261156210624
1812074.0,53.73239948020614
1812073.0,114.98366473012764
1812072.0,316.59007099158976
1812075.0,241.7837670406547
1812082.0,440.8141049825507
1812084.0,67.54684826201463
1812086.0,114.69010247167189
1812083.0,114.69010247167189
1812085.0,245.7195137776038
1812081.0,91.73257817716389
1812091.0,92.68163877278256
1812095.0,246.10059961620541
1812094.0,69.47608889869127
1812092.0,436.6677966662665
1812096.0,114.40838615427725
1812093.0,114.40838615427725
1812103.0,114.13859925656851
1812101.0,97.18843846605398
1812105.0,248.4031163239108
1812106.0,114.13859925656851
1812102.0,272.22233848291717
1812104.0,77.78692065606862
1812116.0,113.88082172222589
1812111.0,97.5753536004326
1812114.0,78.68726343100144
1812115.0,248.4925208712805
1812112.0,269.9402508539181
1812113.0,113.88082172222589
1812122.0,266.2900375451571
1812125.0,248.83072622277606
1812126.0,113.63512993629615
1812124.0,80.38931943794398
1812121.0,98.41391766644315
1812123.0,113.63512993629615
1812135.0,250.17529336045752
1812136.0,113.40159670255791
1812131.0,101.11080565416513
1812133.0,113.40159670255791
1812132.0,256.8550947902532
1812134.0,85.41996942818496
1812146.0,113.18029122194841
1812143.0,113.18029122194841
1812142.0,251.11294359694432
1812145.0,250.90084810269985
1812144.0,88.35717388196296
1812141.0,102.64775290643175
1812153.0,112.97127907205765
1812152.0,388.0274587404672
1812151.0,106.27759255665391
1812154.0,95.04424175548496
1812156.0,112.97127907205765
1812155.0,252.7591474393689
1812166.0,112.77462218769658
1812161.0,106.87214940208709
1812164.0,96.26891434159828
1812163.0,112.77462218769658
1812162.0,385.3464212853914
1812165.0,252.98857765529112
1812176.0,112.59037884254418
1812173.0,112.59037884254418
1812171.0,105.632954417209
1812174.0,94.18956503581336
1812172.0,239.297311601718
1812175.0,252.23621817642766
1812182.0,273.4467939050016
1812181.0,94.53070805049815
1812186.0,112.41860363187996
1812183.0,112.41860363187996
1812185.0,246.17812858036794
1812184.0,74.38238639970675
1812193.0,112.25934745640599
1812192.0,257.5531274483344
1812194.0,83.22488353723719
1812196.0,112.25934745640599
1812191.0,99.38247216372118
1812195.0,248.71742404002165
1812203.0,112.11265750716416
1812204.0,75.86626257114386
1812205.0,246.40873658193482
1812201.0,95.22110514107884
1812206.0,112.11265750716416
1812202.0,270.0123685430895
1812215.0,244.7281179623316
1812214.0,70.57328275603231
1812211.0,92.21521208843588
1812212.0,278.89566961821987
1812213.0,111.97857725155222
1812216.0,111.97857725155222
1812226.0,111.85714642044361
1812224.0,78.08491759969354
1812225.0,246.89493266978155
1812222.0,414.6095687475617
1812221.0,96.34289202844458
1812223.0,111.85714642044361
1812232.0,430.3272476999373
1812233.0,111.74840099641428
1812236.0,111.74840099641428
1812235.0,244.07185460691034
1812231.0,91.19382210350368
1812234.0,68.92177703041997
1812244.0,85.46056822486024
1812243.0,111.65237320308027
1812245.0,248.9626239872626
1812242.0,251.97739205357925
1812246.0,111.65237320308027
1812241.0,100.35792536998397
1812274.0,65.77157835936916
1812271.0,89.30385491381308
1812273.0,111.44086126631223
1812275.0,242.91214067624162
1812276.0,111.44086126631223
1812272.0,285.81109534512404
1812283.0,111.39595074199063
1812284.0,64.93704035145069
1812286.0,111.39595074199063
1812281.0,88.81938120627247
1812285.0,242.6305150962071
1812282.0,287.1463962489773
1812295.0,242.140777533486
1812293.0,111.36386228698125
1812292.0,438.9600903212465
1812291.0,87.93747059703962
1812294.0,63.37833876148733
1812301.0,90.26255069701237
1812305.0,243.38400095342635
1812303.0,111.34460540978584
1812304.0,67.57042846347528
1812302.0,431.57970582711863
1812311.0,88.58579100762695
1812312.0,287.6407158948893
1812313.0,111.3381858166327
1812315.0,242.478064148564
1901024.0,79.22353026566472
1901021.0,96.7580384736349
1901022.0,262.08647389639737
1901023.0,111.36386228698125
1901025.0,246.8908596514593
1901033.0,111.39595074199062
1901035.0,250.9471040535889
1901034.0,92.67928594182105
1901031.0,104.26270104336784
1901032.0,238.6549680724344
1901045.0,244.90054714423047
1901041.0,92.99618565285296
1901044.0,72.40444922158295
1901042.0,274.21731934845536
1901043.0,111.44086126631223
1901055.0,242.05456174649441
1901052.0,440.3830059192169
1901053.0,111.49858055198843
1901054.0,62.776071375137434
1901051.0,87.66192989104236
1901065.0,247.42748993802542
1901064.0,80.53423795126832
1901063.0,111.56909149554923
1901062.0,409.53678087166116
1901061.0,97.57865613870952
1901072.0,277.28126823678474
1901071.0,92.29926701096836
1901073.0,111.65237320308027
1901074.0,70.98406435891744
1901075.0,244.6228479658584
1901082.0,274.15680269771076
1901085.0,245.2712108891893
1901083.0,111.74840099641428
1901081.0,93.42094223181344
1901084.0,72.92255628064416
1901093.0,111.85714642044361
1901095.0,248.36256601520188
1901092.0,256.8748841267371
1901091.0,99.0681837644026
1901094.0,82.98060799799418
1901103.0,111.97857725155222
1901104.0,90.41925351043389
1901102.0,244.20635572342542
1901101.0,103.2629000933409
1901105.0,250.67755636258386
1901113.0,112.11265750716416
1901111.0,90.59103961117167
1901114.0,67.54885307725672
1901112.0,284.5505955865312
1901115.0,243.9153379950917
1901123.0,112.25934745640599
1901124.0,70.95933662536567
1901121.0,92.55459071771885
1901122.0,428.16978539879096
1901125.0,245.04045017461374
1901132.0,440.1068457613569
1901131.0,88.96290772972374
1901134.0,64.38043827414623
1901135.0,243.17973787467048
1901133.0,112.41860363187995
1901142.0,248.7747634085186
1901144.0,88.76745631511479
1901145.0,250.61077479386535
1901143.0,112.59037884254418
1901141.0,102.61462055910498
1901152.0,283.74033474367707
1901151.0,91.72187168713772
1901155.0,244.82979873505127
1901153.0,112.77462218769658
1901154.0,69.05308707362582
1901161.0,90.62914323405631
1901165.0,244.3320914559877
1901163.0,112.97127907205765
1901162.0,287.98561181735107
1901164.0,66.93350333943604
1901174.0,79.88183889135644
1901173.0,113.1802912219484
1901175.0,248.3601065047141
1901172.0,265.92721292602096
1901171.0,97.92977473988078
1901185.0,252.27416685444572
1901184.0,92.42133311607729
1901181.0,105.00826587870723
1901183.0,113.40159670255791
1901182.0,244.61722012710288
1901191.0,106.03301284223973
1901195.0,252.93378718846728
1901192.0,391.543746556267
1901194.0,94.0761958202899
1901193.0,113.63512993629614
1901201.0,106.4545299014571
1901202.0,391.2373537709268
1901205.0,253.2741649966822
1901203.0,113.88082172222589
1901204.0,94.63773859965839
1901211.0,109.70133708168912
1901215.0,255.1416049098729
1901212.0,232.93231982753989
1901213.0,114.1385992565685
1901214.0,100.26498302245979
1901221.0,108.65243442974078
1901222.0,237.34274100977316
1901223.0,114.40838615427725
1901225.0,254.7012466404428
1901224.0,98.1658874693779
1901232.0,213.97683485777213
1901233.0,114.69010247167189
1901234.0,111.97655467239908
1901231.0,116.46533328628819
1901235.0,259.0386809123861
1901244.0,119.58733161218589
1901242.0,201.48043788180766
1901241.0,120.83218104257364
1901245.0,261.5258026871152
1901243.0,114.98366473012761
1901252.0,212.27536594662052
1901251.0,117.79682206079305
1901255.0,260.03208947438077
1901254.0,113.89148394753369
1901253.0,115.28898594081168
1901261.0,101.17597709040122
1901263.0,115.60597563045997
1901265.0,251.22765901722317
1901262.0,414.95387643474675
1901264.0,83.7814946025822
1901271.0,98.92577065324251
1901275.0,250.16749492810013
1901274.0,79.47757760320675
1901273.0,115.93453986818623
1901272.0,423.3796810510988
1901284.0,89.0299396703
1901281.0,104.39404921592752
1901285.0,253.26921200321425
1901283.0,116.27458129331588
1901282.0,258.43988204804793
1901292.0,250.14197494907228
1901291.0,107.50006301502016
1901294.0,94.32968975176047
1901295.0,255.10404420326878
1901293.0,116.62599914423589
1901304.0,94.58709623129783
1901302.0,250.68869328351258
1901301.0,107.8041447346079
1901303.0,116.98868928825284
1901305.0,255.43517233985733
1901311.0,108.64686709423829
1901314.0,95.80322051133126
1901313.0,117.3625442524496
1901315.0,256.06152336348123
1901312.0,249.5903227243228
1902012.0,239.11756849242954
1902015.0,258.3085908048387
1902014.0,102.39986571870888
1902011.0,112.48967313864352
1902013.0,117.74745325553177
1902024.0,95.16264902906202
1902021.0,108.63641135264918
1902025.0,256.4161942514031
1902023.0,118.14330224065476
1902022.0,402.0328350493833
1902031.0,107.25552607612484
1902033.0,118.54997390922114
1902034.0,92.3581689310011
1902035.0,255.86022469340344
1902032.0,408.05236652586075
1902042.0,262.6048740337574
1902041.0,106.61794828281684
1902044.0,90.88043681678627
1902045.0,255.70948240611003
1902043.0,118.96734775563881
1902052.0,275.45472923472164
1902051.0,103.08983198123616
1902054.0,84.20174181180498
1902055.0,254.00699925208406
1902053.0,119.39530010302944
1902061.0,105.81396457082221
1902064.0,88.74620876335582
1902063.0,119.83370413987652
1902065.0,255.6763215786385
1902062.0,268.71603384505954
1902071.0,100.69489006777364
1902074.0,79.19298645552121
1902075.0,253.12665669066695
1902072.0,286.6474377530001
1902073.0,120.28242995760239
1902083.0,120.74134458906296
1902084.0,77.70415329410949
1902085.0,253.0016741847022
1902082.0,290.51087390729197
1902081.0,100.06954884729394
1902094.0,74.38290883173025
1902095.0,252.3344093761658
1902091.0,98.42861302672837
1902092.0,446.7822299875576
1902093.0,121.21031204794873
1902102.0,430.51454598016795
1902103.0,121.68919336908051
1902104.0,84.44260362050416
1902105.0,255.68543337328146
1902101.0,104.24086097091775
1902112.0,287.8067416832922
1902114.0,81.50953780542493
1902115.0,255.14832141236587
1902113.0,122.17784664958775
1902111.0,102.82474045747584
1902124.0,85.00840268446272
1902121.0,104.99336099507782
1902122.0,283.06021869759746
1902123.0,122.67612709095741
1902125.0,256.54611906544477
1902135.0,254.13439332930184
1902131.0,100.07984168635996
1902134.0,75.77742367108473
1902132.0,300.5905862627374
1902133.0,123.18388704194093
1902141.0,100.91927702108613
1902145.0,254.8250733705236
1902144.0,76.87357282608804
1902142.0,300.0955202157748
1902143.0,123.70097604230652
1902153.0,124.22724086742363
1902152.0,329.60622503256366
1902155.0,250.38032202566865
1902151.0,92.21471499860355
1902154.0,60.81766049567068
1902161.0,94.88920719651276
1902163.0,124.76252557366688
1902162.0,472.6018545544966
1902164.0,65.19579895541872
1902165.0,252.06762000304826
1902172.0,481.9793536657741
1902174.0,60.68632903135722
1902173.0,125.30667154462542
1902171.0,92.62014879486948
1902175.0,251.0967896174439
1902183.0,125.85951753810441
1902181.0,92.93856109063167
1902182.0,334.0909386548057
1902185.0,251.5233875812093
1902184.0,60.8180403669179
1902192.0,298.0307109563667
1902191.0,105.1630197478435
1902195.0,258.3656092552599
1902193.0,126.42089973390459
1902194.0,82.33087179415529
1902202.0,302.943528298818
1902205.0,258.19049792841093
1902204.0,80.41592936089825
1902201.0,104.34961297977543
1902203.0,126.99065178236573
1902213.0,127.56860485365961
1902212.0,305.9874591217843
1902214.0,79.58308132816569
1902211.0,104.14221316371798
1902215.0,258.3455201001643
1902223.0,128.15458768781798
1902225.0,263.41330798915465
1902222.0,280.44143891583224
1902224.0,95.11934451842498
1902221.0,113.05059226682336
1902235.0,263.1865347536789
1902231.0,112.12061218932656
1902232.0,434.9973845906415
1902233.0,128.7484266454805
1902234.0,92.9758081996183
1902243.0,129.34994575934792
1902245.0,257.58611940786693
1902242.0,471.7604431226899
1902244.0,72.88908724324747
1902241.0,101.20557590285532
1902251.0,101.52155480768636
1902253.0,129.958966786325
1902255.0,258.037330397702
1902254.0,72.97168994782663
1902252.0,324.1122313356429
1902262.0,332.365743712223
1902264.0,69.21876034593654
1902263.0,130.57530926033763
1902265.0,257.3438495634363
1902261.0,99.705647667887
1902275.0,254.73222508749734
1902272.0,351.852114516084
1902271.0,94.32176544936497
1902273.0,131.19879054580906
1902274.0,59.050666022250596
1902281.0,107.90466259418865
1902285.0,262.3378640751419
1902282.0,311.8123197785014
1902283.0,131.82922589177852
1902284.0,82.94879121820814
1903012.0,295.8869852352719
1903015.0,265.815647338566
1903014.0,93.06152361623931
1903013.0,132.46642848664715
1903011.0,113.81662338768568
1903021.0,115.01718444665008
1903023.0,133.1102095135341
1903022.0,443.95987221927794
1903024.0,94.70549945568233
1903025.0,266.7592674360227
1903032.0,470.9260721425047
1903035.0,262.8960690664554
1903031.0,107.28634844596691
1903033.0,133.7603782062272
1903034.0,80.3001041277949
1903042.0,311.8234411265074
1903045.0,265.3672481930719
1903041.0,111.31269655012996
1903043.0,134.41674190571095
1903044.0,87.01027853485475
1903055.0,266.8502245977549
1903054.0,90.41001802286874
1903053.0,135.07910611725578
1903052.0,307.7010723870461
1903051.0,113.49887979683406
1903064.0,91.60460479606165
1903063.0,135.74727456805073
1903062.0,307.44909988572454
1903061.0,114.46009036977507
1903065.0,267.6762030856919
1903075.0,264.7045659250253
1903074.0,80.11811624598263
1903071.0,108.3645920455149
1903072.0,329.37813057693006
1903073.0,136.42104926536368
1903084.0,92.43114246082348
1903082.0,309.7221968250009
1903083.0,137.1002305552105
1903085.0,268.87134903570967
1903081.0,115.5200042347888
1903092.0,455.6273511233468
1903093.0,137.7846171815171
1903095.0,270.23431882172673
1903091.0,117.46447198632329
1903094.0,95.37912787344113
1903103.0,138.4740063457558
1903102.0,460.27334638168674
1903105.0,270.24512482625494
1903104.0,93.80491825136878
1903101.0,116.89378002533411
1903111.0,124.18141519490285
1903113.0,139.16819376703904
1903115.0,274.49003808323255
1903114.0,106.34351792660522
1903112.0,291.0869886142067
1903124.0,101.3569800203207
1903122.0,301.7232908726786
1903123.0,139.86697374265208
1903121.0,121.71534025133884
1903125.0,273.4844696577123
1903131.0,121.53937935125595
1903132.0,305.1868791953835
1903133.0,140.57013920900727
1903134.0,100.48089051948213
1903135.0,273.7142050126415
1903142.0,304.14595398035607
1903143.0,141.2774818030013
1903144.0,102.18842792603223
1903145.0,274.7213866772053
1903141.0,122.80350197732743
1903151.0,119.00196341703533
1903155.0,273.00242222597564
1903153.0,141.9887919237579
1903154.0,94.79289588186089
1903152.0,319.0274347637078
1903161.0,124.17127054463397
1903165.0,276.11620166151266
1903164.0,103.50952125328838
1903162.0,454.93373292865573
1903163.0,142.70385879473702
1903175.0,274.54656785440943
1903174.0,96.59506730997384
1903173.0,143.42247052619234
1903172.0,468.9943884658012
1903171.0,120.64077150497194
1903183.0,144.14441417795888
1903184.0,101.84420853436251
1903185.0,276.6256778255969
1903182.0,312.6257461632247
1903181.0,123.8828774071943
1903193.0,144.86947582255186
1903195.0,276.48278426590906
1903192.0,318.4115830444588
1903194.0,99.67396940576693
1903191.0,122.99620737998416
1903211.0,116.9236418425795
1903215.0,273.88568331310853
1903212.0,343.5178225156026
1903213.0,146.32809282429997
1903214.0,87.6036355218885
1903225.0,275.2816086065628
1903221.0,118.8875418930508
1903224.0,90.54771561341776
1903222.0,340.386353654171
1903223.0,147.06121596175797
1903234.0,88.91420998159326
1903235.0,275.3068402583901
1903231.0,118.30422916235983
1903232.0,494.43973852380225
1903233.0,147.7965927807241
1903242.0,476.03821931222984
1903243.0,148.53400537317623
1903241.0,125.13691789544919
1903244.0,100.6011236799221
1903245.0,279.32670162339514
1903253.0,149.27323522784843
1903251.0,126.63805726770107
1903252.0,325.20770892525843
1903254.0,102.7090411728289
1903255.0,280.47623757463646
1903263.0,150.01406329498096
1903261.0,126.2067168462495
1903262.0,329.6291008008572
1903264.0,101.34419595036974
1903265.0,280.5858254932011
1903275.0,280.6494490897388
1903272.0,334.3279136512066
1903273.0,150.75627005122914
1903274.0,99.82280392030685
1903271.0,125.68884247726977
1903282.0,352.18590087405846
1903281.0,120.98162451883755
1903284.0,90.77478863718933
1903285.0,278.457547912382
1903283.0,151.49963556471292
1903294.0,85.57056558956747
1903292.0,363.32779762845024
1903291.0,118.41455253406214
1903295.0,277.4185984881524
1903293.0,152.24393956018756
1903304.0,72.04965097671209
1903305.0,273.8869684057332
1903301.0,111.21813294803317
1903302.0,538.186013121078
1903303.0,152.98896148431578
1903314.0,105.80159887776848
1903311.0,130.3373930932956
1903315.0,284.52717682124154
1903313.0,153.7344805710226
1903312.0,481.23869451007624
1904014.0,104.9154974142253
1904015.0,284.7837610419918
1904011.0,130.1747578505333
1904013.0,154.480275906913
1904012.0,335.65955303138736
1904022.0,363.1683583538758
1904023.0,155.2261264967333
1904024.0,90.35009628725658
1904025.0,280.9395943407915
1904021.0,122.39726967174558
1904045.0,282.4305772848335
1904043.0,156.7171094407753
1904041.0,123.88825261578758
1904044.0,91.84107923129858
1904042.0,364.6593412979178
1904052.0,368.17760167198867
1904051.0,123.74962980730558
1904055.0,282.6995829273942
1904053.0,157.4617999845726
1904054.0,90.99899334291167
1904063.0,158.20566229236908
1904062.0,523.2516270777785
1904061.0,122.85245623108433
1904065.0,282.5597090271956
1904064.0,88.7949130452798
1904075.0,283.20783665425046
1904073.0,158.9484759417091
1904074.0,89.22187570118106
1904072.0,524.5465252983885
1904071.0,123.41944460713673
1904085.0,288.65212064024917
1904083.0,159.69002082087707
1904082.0,348.69049603834225
1904081.0,132.89364472625618
1904084.0,105.65068658780707
1904094.0,116.70854208005076
1904095.0,292.48525374147624
1904092.0,331.39578975010204
1904093.0,160.43007719412154
1904091.0,139.37732669356268
1904103.0,161.1684257667673
1904105.0,293.71281342926216
1904102.0,329.2817013711865
1904104.0,119.0787874521301
1904101.0,141.02410584486114
1904115.0,295.6328106912571
1904112.0,323.1170662137424
1904113.0,161.9048477501975
1904114.0,123.76334685354468
1904111.0,143.95834374438647
1904122.0,322.9312024381135
1904124.0,125.02404235243019
1904125.0,296.52489790488664
1904123.0,162.6391249266851
1904121.0,144.9856630430201
1904135.0,299.45037220853067
1904132.0,460.05053175720445
1904131.0,149.7908633282204
1904134.0,133.0731718211319
1904133.0,163.37103971405568
1904143.0,164.10037523016183
1904141.0,144.7472690380499
1904144.0,123.432066385999
1904142.0,478.9066440300069
1904145.0,297.07084999293994
1904153.0,164.8269153571497
1904151.0,142.1624331847877
1904154.0,118.21007946989035
1904152.0,340.8534031497713
1904155.0,296.0141367002235
1904165.0,295.36471882543833
1904164.0,114.35376951337838
1904162.0,349.5821588815353
1904161.0,140.33649617046723
1904163.0,165.5504448054996
1904175.0,292.0135242394969
1904172.0,374.04209981846407
1904174.0,101.49248116783349
1904171.0,133.4963137914213
1904173.0,166.27074917782105
1904181.0,131.04832472680624
1904183.0,166.98761503238302
1904182.0,384.69648795588495
1904184.0,96.52402914049793
1904185.0,291.0260416929256
1904205.0,292.30658020590016
1904201.0,132.20715436327714
1904204.0,97.4728201967421
1904203.0,168.41018257878534
1904202.0,536.1245561253328
1904211.0,124.26769191434427
1904212.0,563.9739943671461
1904215.0,288.35646426458686
1904213.0,169.11546273316014
1904214.0,82.64875984037826
1904225.0,290.3672862594601
1904222.0,407.86044938503306
1904223.0,169.81646141975506
1904224.0,87.71903060287595
1904221.0,127.4009402147512
1904235.0,293.02064021779603
1904232.0,397.14721107656317
1904234.0,94.9431272983856
1904233.0,170.51297091753054
1904231.0,131.73117202713735
1904244.0,81.2110791828425
1904241.0,124.3936317984962
1904242.0,423.0508870827168
1904243.0,171.20478483569042
1904245.0,289.3884591182659
1904254.0,73.63322486034494
1904251.0,120.47978381995344
1904252.0,438.1840133700967
1904253.0,171.8916981748402
1904255.0,287.5977548742868
1904262.0,404.7285932594647
1904265.0,294.13431646514636
1904263.0,172.5735073877327
1904261.0,132.03345576446335
1904264.0,93.84515383420026
1904273.0,173.25001043958343
1904275.0,293.24850014929166
1904272.0,563.69186550341
1904274.0,89.31011549431162
1904271.0,129.80884180706852
1904282.0,517.5276874690317
1904283.0,173.9210068679381
1904285.0,301.95202746817256
1904284.0,116.77580453272039
1904281.0,145.3956822526557
1904292.0,396.71184733573506
1904293.0,174.58629784207363
1904291.0,137.24040535019594
1904295.0,297.8672363243348
1904294.0,101.59590400267851
1904302.0,427.09178846894264
1904301.0,128.43453318472203
1904305.0,293.42936050449174
1904303.0,175.24568622191623
1904304.0,85.25198056906831
1905022.0,364.35026742137006
1905023.0,176.54597544165648
1905021.0,150.1305541058254
1905025.0,305.71322830931314
1905024.0,123.19098502770379
1905032.0,363.61057152933455
1905033.0,177.18649097779576
1905035.0,306.5904589011654
1905031.0,151.21063282518375
1905034.0,124.62112804743995
1905044.0,131.41406486799912
1905043.0,177.82033342629927
1905042.0,502.65613860421485
1905041.0,155.27306810279572
1905045.0,309.0706787842299
1905054.0,117.77510987068625
1905052.0,528.2189399462445
1905053.0,178.44731496597004
1905051.0,147.95860813230928
1905055.0,305.4210083173533
1905062.0,368.4357814069583
1905061.0,152.15365686516722
1905064.0,124.81734824661734
1905065.0,307.9662256131618
1905063.0,179.06724980864652
1905073.0,179.6799542542555
1905071.0,151.5941928221921
1905075.0,307.94768991020294
1905072.0,372.7290496610335
1905074.0,123.32437940263466
1905083.0,180.28524674524652
1905082.0,396.52189414536195
1905085.0,304.57616946521625
1905081.0,144.81482383510337
1905084.0,110.6639301691981
1905095.0,302.4121949903765
1905094.0,102.0493107023792
1905092.0,413.2220619825465
1905093.0,180.88294792039122
1905091.0,140.2842878726927
1905102.0,380.41087816825603
1905103.0,181.47288066793197
1905104.0,121.74822855296445
1905105.0,308.7306320861708
1905101.0,151.51164965413403
1905112.0,537.9914395375193
1905115.0,307.9712362805959
1905114.0,117.85566232271404
1905111.0,149.60278112602475
1905113.0,182.05487017806388
1905123.0,182.62874399473472
1905122.0,549.5149906843773
1905125.0,306.66717065527735
1905124.0,112.16515810284962
1905121.0,146.68945368915792
1905132.0,398.6948667051696
1905135.0,307.61150281643074
1905131.0,147.95834285432107
1905134.0,113.99415014861731
1905133.0,183.1943320667474
1905145.0,308.64206765925906
1905144.0,116.13053984721346
1905142.0,396.49157858022227
1905143.0,183.75146679814978
1905141.0,149.3946039521615
1905153.0,184.29998309789704
1905151.0,146.2800937250835
1905154.0,110.09882711698671
1905155.0,307.21795849473165
1905152.0,408.5418567814266
1905163.0,184.83971842877156
1905161.0,150.16050924842267
1905164.0,116.63973132319751
1905162.0,398.59198525817226
1905165.0,309.5567282490247
1905171.0,151.9220805882108
1905172.0,395.25818768605757
1905175.0,310.75032483179575
1905174.0,119.3814827040436
1905173.0,185.3705128555464
1905183.0,185.89220909237739
1905185.0,305.5435167203732
1905182.0,578.3583742508604
1905184.0,100.79419383783012
1905181.0,141.80634779114118
1905195.0,308.8965408459618
1905192.0,562.3082805697953
1905194.0,110.78216709802575
1905193.0,186.40465254941046
1905191.0,147.59354944680265
1905204.0,100.44098848580796
1905203.0,186.90769137858985
1905205.0,306.14869291001656
1905201.0,142.05992055977396
1905202.0,432.5888492464353
1905211.0,143.46183627849078
1905215.0,307.1313891652208
1905213.0,187.40117651865398
1905214.0,102.56637042530566
1905212.0,430.2298974349381
1905223.0,187.8849617393056
1905225.0,313.0754016709846
1905224.0,121.26422960092532
1905222.0,398.8768057123566
1905221.0,154.08487892539478
1905234.0,95.89103191642474
1905235.0,305.8008707925511
1905231.0,140.17045267326236
1905232.0,444.52966840651715
1905233.0,188.35890368454287
1905241.0,140.224151932854
1905244.0,95.61800449566368
1905242.0,446.2818239700764
1905245.0,306.0438949711484
1905243.0,188.82286191513893
1905252.0,560.0275376387891
1905251.0,152.10663173166694
1905254.0,116.60215610430065
1905255.0,312.6523234548033
1905253.0,189.276698950257
1905264.0,116.67724463655406
1905262.0,561.1152176632027
1905265.0,312.98543778673593
1905263.0,189.72028030818896
1905261.0,152.3450836040967
1905274.0,110.21435885115758
1905273.0,190.15347454620525
1905272.0,424.4248846078053
1905271.0,148.93942604200004
1905275.0,311.3513205381924
1905283.0,190.57615329950394
1905282.0,409.3891953655458
1905281.0,154.28521244735194
1905285.0,314.4252079154762
1905284.0,119.48086542074134
1905295.0,314.5847498757935
1905292.0,411.2734589086767
1905291.0,154.22838307166273
1905293.0,190.98819131924836
1905294.0,119.0506341246491
1905302.0,416.45946705011517
1905303.0,191.38946650968072
1905305.0,314.1654128730876
1905301.0,153.10583922693576
1905304.0,116.71453403861226
1905315.0,308.4485578903145
1905311.0,142.15550255450583
1905313.0,191.77985996430186
1905312.0,452.4593153516473
1905314.0,96.7325384164339
1906014.0,94.11135001556971
1906013.0,192.1592560011058
1906015.0,307.9284367154092
1906012.0,607.2608885816562
1906011.0,140.86455849507746
1906022.0,642.8705732434737
1906025.0,302.2525984886247
1906023.0,192.52754219685883
1906021.0,130.0093314126378
1906024.0,74.31781446348239
1906032.0,478.4078705149055
1906034.0,83.62399316780103
1906033.0,192.88460942041283
1906035.0,305.2924363435922
1906031.0,135.3481147126742
1906044.0,109.922158906649
1906045.0,313.4182136193219
1906041.0,150.14083377910362
1906043.0,193.23035186504333
1906042.0,433.39066402018943
1906055.0,305.10453879870084
1906051.0,134.41644070026052
1906053.0,193.5646670798023
1906052.0,484.14870341093604
1906054.0,81.40875005400193
1906064.0,96.10275917553929
1906061.0,142.7392795549211
1906063.0,193.88745599987644
1906065.0,309.7355417327508
1906062.0,459.351644338228
1906074.0,105.04718663893112
1906073.0,194.19862297594238
1906075.0,312.6347933179451
1906071.0,147.85633733418183
1906072.0,444.5724996995823
1906085.0,314.46500350478937
1906084.0,110.45289719275817
1906082.0,585.1239590567595
1906083.0,194.49807580250962
1906081.0,150.99829874556545
1906091.0,145.6302357308805
1906092.0,603.1703293753424
1906093.0,194.78572574524287
1906095.0,311.70691973068267
1906094.0,100.58067351321162
1906103.0,195.06148756725617
1906102.0,435.68187019846056
1906101.0,151.82544842024345
1906105.0,315.1704443029637
1906104.0,111.49008544766286
1906112.0,450.7599315146512
1906115.0,312.893494692092
1906111.0,147.37126224080646
1906114.0,103.27854244417037
1906113.0,195.32527955437018
1906125.0,315.0073971153231
1906124.0,109.74202263342166
1906121.0,151.08090326708538
1906123.0,195.577023539326
1906122.0,440.1540122646316
1906131.0,138.39736706606766
1906134.0,86.76659600129528
1906133.0,195.8166449249479
1906132.0,480.97184963859394
1906135.0,308.28759586298406
1906141.0,136.92515053892063
1906143.0,196.0440727062478
1906145.0,307.59972542886055
1906142.0,486.5360949421699
1906144.0,83.94079751268724
1906153.0,196.2592394914658
1906152.0,601.4233497891573
1906154.0,103.89665138782723
1906151.0,148.12939690461448
1906155.0,313.7327686069025
1906163.0,196.46208152203977
1906164.0,94.93981460867741
1906162.0,617.6366443865595
1906161.0,143.23330600984767
1906165.0,311.1897159912061
1906173.0,196.65253869149836
1906175.0,309.5022337186753
1906171.0,139.93656192576861
1906172.0,479.59940512006466
1906174.0,88.86589374160079
1906183.0,196.8305545632719
1906184.0,75.40967506326817
1906181.0,132.52478683396015
1906182.0,503.60907165165713
1906185.0,305.5929696284718
1906195.0,304.70116420376434
1906194.0,72.04819412734585
1906192.0,509.93953785498184
1906193.0,196.99607638741563
1906191.0,130.72692643972556
1906205.0,313.2811989159708
1906202.0,460.9569897407826
1906204.0,100.31191127221999
1906201.0,146.52835449114832
1906203.0,197.14905511624085
1906215.0,314.82609854914205
1906213.0,197.2894454188486
1906214.0,105.13742464416919
1906212.0,452.90812556955296
1906211.0,149.27681968085568
1906224.0,110.05559165370408
1906222.0,593.8399769471466
1906225.0,316.38993016284775
1906223.0,197.4172056945624
1906221.0,152.0712632680983
1906232.0,618.6148468545634
1906235.0,312.2757135581358
1906234.0,96.06267300413265
1906231.0,144.33282678527775
1906233.0,197.53229808525523
1906242.0,480.5815549151341
1906245.0,310.4843835137448
1906244.0,89.84804353667025
1906241.0,140.91871172083808
1906243.0,197.63468848656785
1906251.0,124.83244464982437
1906255.0,301.86292753495474
1906253.0,197.72434655801456
1906254.0,60.879410211751804
1906252.0,531.4629935434151
1906265.0,305.39586652232316
1906262.0,511.3888058660217
1906263.0,197.80124573197386
1906264.0,72.48487064622552
1906261.0,131.32696629878154
1906272.0,446.21492985054437
1906271.0,152.16777024852152
1906273.0,197.86536322156084
1906274.0,109.87204719382501
1906275.0,316.64871564527584
1906283.0,197.91668002737958
1906281.0,145.0688592739773
1906284.0,97.0787569331345
1906282.0,468.7176858880072
1906285.0,312.84946754483053
1906293.0,197.955180943153
1906294.0,81.06149901577137
1906291.0,136.16957546429705
1906292.0,645.9978596094764
1906295.0,308.07476232777384
1906305.0,303.93425096430167
1906301.0,128.45893705671793
1906302.0,670.3152543624295
1906303.0,197.98085456022886
1906304.0,67.18972892154216
1907012.0,468.9787273220113
1907015.0,312.89491878098283
1907011.0,145.08726409312885
1907013.0,197.99369327096034
1907014.0,97.05048651223568
1907022.0,431.71301876129047
1907025.0,319.28622528523266
1907021.0,156.95547004004277
1907023.0,197.99369327096034
1907024.0,118.37042856935142
1907035.0,317.6163811845105
1907031.0,153.86568904677807
1907034.0,112.8301974734418
1907033.0,197.98085456022886
1907032.0,441.36166004778295
1907045.0,318.2692907271451
1907043.0,197.955180943153
1907044.0,115.068122642677
1907041.0,155.10009655493008
1907042.0,437.3793803366059
1907055.0,318.5148478782272
1907051.0,155.5890714590195
1907052.0,435.68462570702263
1907054.0,115.97717470721983
1907053.0,197.91668002737958
1907062.0,586.0988800003076
1907064.0,115.188872250044
1907061.0,155.12749568219635
1907063.0,197.86536322156084
1907065.0,318.24259702040973
1907074.0,121.2312073002729
1907071.0,158.46266680950322
1907073.0,197.80124573197386
1907072.0,575.3611274661686
1907075.0,320.0090759616696
1907085.0,317.9753323271499
1907084.0,114.6267209285794
1907083.0,197.7243465580146
1907082.0,437.51660233231405
1907081.0,154.7520453209333
1907095.0,317.1124050737075
1907091.0,153.22648085097103
1907093.0,197.63468848656785
1907092.0,441.9356349262385
1907094.0,111.95761307738286
1907115.0,315.6482229882805
1907113.0,197.4172056945624
1907114.0,107.58142553843385
1907111.0,150.693965294012
1907112.0,448.9872656559539
1907123.0,197.2894454188486
1907121.0,148.54421437549064
1907124.0,103.82137883817441
1907125.0,314.43157345628714
1907122.0,455.2084779498444
1907134.0,97.67981966023038
1907133.0,197.14905511624085
1907131.0,145.06314388041824
1907132.0,614.735068267506
1907135.0,312.4921487302609
1907145.0,318.06767434968924
1907142.0,581.1809729768496
1907144.0,116.63582603444965
1907143.0,196.99607638741563
1907141.0,155.54759418549364
1907152.0,433.49433110037506
1907154.0,115.52275122998965
1907153.0,196.8305545632719
1907151.0,154.85459654148707
1907155.0,317.61809445868994
1907163.0,196.6525386914984
1907165.0,312.98983553951285
1907164.0,100.4997386665948
1907161.0,146.4127928251957
1907162.0,459.26429007828864
1907173.0,196.46208152203977
1907175.0,314.7877848380431
1907171.0,149.914666394777
1907172.0,447.48005691216133
1907174.0,106.94215235934996
1907183.0,196.2592394914658
1907185.0,309.89798470435255
1907182.0,474.60540115944923
1907181.0,141.00847333646612
1907184.0,91.1046861535578
1907195.0,309.88797096741916
1907193.0,196.0440727062478
1907191.0,141.17426131003796
1907192.0,473.19405113647974
1907194.0,91.57386318745709
1907202.0,646.1596759715628
1907205.0,305.5417012167138
1907203.0,195.8166449249479
1907201.0,133.2984341407269
1907204.0,77.60691719157148
1907212.0,605.8019090736587
1907211.0,145.83544928067158
1907215.0,312.1825974504818
1907214.0,100.31913466249891
1907213.0,195.57702353932604
1907221.0,150.88776770655875
1907224.0,109.5955623129454
1907225.0,314.78721513779567
1907223.0,195.32527955437018
1907222.0,439.71824008925245
1907232.0,509.1091181773623
1907234.0,69.48190332030885
1907231.0,128.44068707299084
1907233.0,195.06148756725617
1907235.0,302.5772033390345
1907245.0,300.2972540453182
1907244.0,62.520628803842015
1907243.0,194.78572574524287
1907241.0,124.44329029972306
1907242.0,520.5191464472293
1907251.0,119.37905376600965
1907254.0,53.65236020602265
1907255.0,297.43730049717084
1907252.0,535.2297940239961
1907253.0,194.49807580250962
1907264.0,65.14467780116883
1907265.0,300.6727925025837
1907262.0,514.3191838700178
1907261.0,125.64374447551332
1907263.0,194.19862297594238
1907275.0,304.63827753306515
1907272.0,638.2495708577337
1907273.0,193.88745599987644
1907274.0,79.0994473620865
1907271.0,133.27401900960456
1907284.0,79.56628592560921
1907282.0,636.5465705094847
1907285.0,304.55220366870395
1907281.0,133.39079327274945
1907283.0,193.5646670798023
1907295.0,301.81917588938705
1907294.0,71.23041221040188
1907292.0,501.0210240007568
1907293.0,193.23035186504333
1907291.0,128.60223780137096
1907303.0,192.8846094204128
1907301.0,138.83531596621185
1907305.0,307.17037578558165
1907304.0,89.88837120433627
1907302.0,467.45819318471837
